project,task_name,source,target
hr-浏览曝光点击,ads_company_delivery_channel_scene_statistics,dws.dws_transform_delivery_user_statistics_day,ads.ads_company_delivery_channel_scene_statistics
hr-浏览曝光点击,ads_company_delivery_channel_scene_statistics,dwd.dwd_hr_company_basicdata,ads.ads_company_delivery_channel_scene_statistics
hr-浏览曝光点击,ads_company_delivery_channel_scene_statistics,dwd.dwd_hr_click_log,ads.ads_company_delivery_channel_scene_statistics
hr-浏览曝光点击,ads_company_delivery_channel_scene_statistics,dwd.dwd_hr_job_basicdata,ads.ads_company_delivery_channel_scene_statistics
hr-浏览曝光点击,ads_page_view_weekly_statistics,dws.dws_browse_user_page_statistics_day,ads.ads_page_view_weekly_statistics
hr-浏览曝光点击,ads_job_show_click_statistics,dwd.dwd_hr_show_log,ads.ads_job_show_click_statistics
hr-浏览曝光点击,ads_job_show_click_statistics,dwd.dwd_hr_click_log,ads.ads_job_show_click_statistics
hr-浏览曝光点击,ads_referrer_view_weekly_statistics,dws.dws_browse_user_page_statistics_day,ads.ads_referrer_view_weekly_statistics
hr-浏览曝光点击,ads_roadmap_view_weekly_statistics,dws.dws_browse_user_page_statistics_day,ads.ads_roadmap_view_weekly_statistics
hr-浏览曝光点击,ads_slot_resume_show_click_statistics,dwd.dwd_hr_show_log,ads.ads_slot_resume_show_click_statistics
hr-浏览曝光点击,ads_slot_resume_show_click_statistics,dwd.dwd_hr_job_basicdata,ads.ads_slot_resume_show_click_statistics
hr-浏览曝光点击,ads_slot_resume_show_click_statistics,dwd.dwd_hr_company_basicdata,ads.ads_slot_resume_show_click_statistics
hr-浏览曝光点击,ads_slot_resume_show_click_statistics,dwd.dwd_hr_click_log,ads.ads_slot_resume_show_click_statistics
hr-浏览曝光点击,ads_slot_show_click_statistics,dwd.dwd_hr_show_log,ads.ads_slot_show_click_statistics
hr-浏览曝光点击,ads_slot_show_click_statistics,dwd.dwd_hr_job_basicdata,ads.ads_slot_show_click_statistics
hr-浏览曝光点击,ads_slot_show_click_statistics,dwd.dwd_hr_company_basicdata,ads.ads_slot_show_click_statistics
hr-浏览曝光点击,ads_slot_show_click_statistics,dwd.dwd_hr_click_log,ads.ads_slot_show_click_statistics
hr-浏览曝光点击,dwd_if_import,dwd.dwd_hr_resume_basicdata,dwd.dwd_if_import
hr-浏览曝光点击,dwd_if_import,ods.ods_resumehunter_basicdata,dwd.dwd_if_import
hr-浏览曝光点击,dwd_click_log,ods.ods_hr_click_log,dwd.dwd_hr_click_log
hr-浏览曝光点击,dwd_company_basicdata,ods.ods_hr_company_basicdata,dwd.dwd_hr_company_basicdata
hr-浏览曝光点击,dwd_job_basicdata,ods.ods_job_basicdata,dwd.dwd_hr_job_basicdata
hr-浏览曝光点击,dwd_resume_deliverrecord,ods.ods_resume_deliverrecord,dwd.dwd_hr_resume_deliverrecord
hr-浏览曝光点击,dwd_resume_deliverrecordopearatinglog,ods.ods_hr_resume_deliverrecordopearatinglog,dwd.dwd_hr_resume_deliverrecordopearatinglog
hr-浏览曝光点击,dwd_resume_educationbasicdata,ods.ods_hr_resume_educationbasicdata,dwd.dwd_hr_resume_educationbasicdata
hr-浏览曝光点击,dwd_rigster_data,ods.ods_register_data,dwd.dwd_register_data
hr-浏览曝光点击,dwd_show_log,ods.ods_hr_show_log,dwd.dwd_hr_show_log
hr-浏览曝光点击,dwd_view_details,ods.ods_hr_view_log,dwd.dwd_hr_view_details
hr-浏览曝光点击,ods_hr_sync_live_maidian2dwd_view_details,ods.ods_hr_sync_live_maidian,dwd.dwd_hr_view_details
hr-运营看板,ads_active_user_record,dwd.dwd_hr_view_details,ads.ads_active_user_record
hr-运营看板,ads_active_user_record,dwd.dwd_register_data,ads.ads_active_user_record
hr-运营看板,ads_active_user_record_yesterday,dwd.dwd_hr_view_details,ads.ads_active_user_record_yesterday
hr-运营看板,ads_active_user_record_yesterday,dwd.dwd_register_data,ads.ads_active_user_record_yesterday
hr-运营看板,ads_data_trend_chart_active_60days,dwd.dwd_hr_view_details,ads.ads_data_trend_chart_active_60days
hr-运营看板,ads_data_trend_chart_active_60days,dwd.dwd_register_data,ads.ads_data_trend_chart_active_60days
hr-运营看板,ads_data_trend_chart_active_yesterday,dwd.dwd_hr_view_details,ads.ads_data_trend_chart_active_yesterday
hr-运营看板,ads_data_trend_chart_active_yesterday,dwd.dwd_register_data,ads.ads_data_trend_chart_active_yesterday
hr-运营看板,ads_data_trend_chart_register_60days,dwd.dwd_register_data,ads.ads_data_trend_chart_register_60days
hr-运营看板,ads_data_trend_chart_register_yesterday,dwd.dwd_register_data,ads.ads_data_trend_chart_register_yesterday
hr-运营看板,ads_data_trend_chart_resume_60days,dwd.dwd_hr_resume_basicdata,ads.ads_data_trend_chart_resume_60days
hr-运营看板,ads_data_trend_chart_resume_60days,dwd.dwd_register_data,ads.ads_data_trend_chart_resume_60days
hr-运营看板,ads_data_trend_chart_resume_delivery_60days,dwd.dwd_hr_resume_deliverrecordopearatinglog,ads.ads_data_trend_chart_resume_delivery_60days
hr-运营看板,ads_data_trend_chart_resume_delivery_60days,dwd.dwd_register_data,ads.ads_data_trend_chart_resume_delivery_60days
hr-运营看板,ads_data_trend_chart_resume_delivery_yesterday,dwd.dwd_hr_resume_deliverrecordopearatinglog,ads.ads_data_trend_chart_resume_delivery_yesterday
hr-运营看板,ads_data_trend_chart_resume_delivery_yesterday,dwd.dwd_register_data,ads.ads_data_trend_chart_resume_delivery_yesterday
hr-运营看板,ads_data_trend_chart_resume_yesterday,dwd.dwd_hr_resume_basicdata,ads.ads_data_trend_chart_resume_yesterday
hr-运营看板,ads_data_trend_chart_resume_yesterday,dwd.dwd_register_data,ads.ads_data_trend_chart_resume_yesterday
hr-运营看板,ads_data_trend_chart_visitor,dwd.dwd_hr_view_details,ads.ads_data_trend_chart_visitor_yesterday
hr-运营看板,ads_data_trend_chart_visitor,dwd.dwd_hr_view_details,ads.ads_data_trend_chart_visitor_60days
hr-运营看板,ads_intended_industry_details,dwd.dwd_hr_resume_basicdata,ads.ads_intended_industry_details
hr-运营看板,ads_intended_industry_details,dwd.dwd_register_data,ads.ads_intended_industry_details
hr-运营看板,ads_intended_industry_details,ods.ods_hr_resume_dictionarybegposition_industry,ads.ads_intended_industry_details
hr-运营看板,ads_intended_position_details,dwd.dwd_hr_resume_basicdata,ads.ads_intended_position_details
hr-运营看板,ads_intended_position_details,dwd.dwd_register_data,ads.ads_intended_position_details
hr-运营看板,ads_intended_position_details,ods.ods_hr_resume_dictionarybegposition,ads.ads_intended_position_details
hr-运营看板,ads_register_user_record,dwd.dwd_register_data,ads.ads_register_user_record
hr-运营看板,ads_register_user_record,dwd.dwd_hr_resume_basicdata,ads.ads_register_user_record
hr-运营看板,ads_resume_cnt,dwd.dwd_hr_resume_basicdata,ads.ads_resume_cnt
hr-运营看板,ads_resume_cnt,dwd.dwd_register_data,ads.ads_resume_cnt
hr-运营看板,ads_resume_create_record,dwd.dwd_hr_resume_basicdata,ads.ads_resume_create_record
hr-运营看板,ads_resume_create_record,ods.ods_hr_resume_dictionarybegposition,ads.ads_resume_create_record
hr-运营看板,ads_resume_create_record,ods.ods_hr_resume_dictionarybegposition_industry,ads.ads_resume_create_record
hr-运营看板,ads_resume_create_record,ods.ods_hr_resume_dictionarybegposition_region_province,ads.ads_resume_create_record
hr-运营看板,ads_resume_create_record,dwd.dwd_hr_resume_educationbasicdata,ads.ads_resume_create_record
hr-运营看板,ads_resume_create_record,ods.ods_hr_resume_practiceexperience,ads.ads_resume_create_record
hr-运营看板,ads_resume_create_record,ads.ads_register_user_record,ads.ads_resume_create_record
hr-运营看板,ads_resume_integrity,dwd.dwd_hr_resume_basicdata,ads.ads_resume_integrity
hr-运营看板,ads_resume_integrity,dwd.dwd_register_data,ads.ads_resume_integrity
hr-运营看板,意向岗位-ads_intended_position_details,ads.ads_resume_create_record,ads.ads_intended_position_details
hr-运营看板,意向岗位-ads_intended_position_details,ods.ods_hr_resume_dictionarybegposition,ads.ads_intended_position_details
hr-运营看板,意向行业公共表-ads_user_intended_industry,dwd.dwd_hr_resume_basicdata,ads.ads_user_intended_industry
hr-运营看板,意向行业公共表-ads_user_intended_industry,ods.ods_hr_resume_dictionarybegposition_industry,ads.ads_user_intended_industry
hr-运营看板,投递趋势-ads_data_trend_chart_resume_delivery_60days,ads.ads_resume_delivery_record,ads.ads_data_trend_chart_resume_delivery_60days
hr-运营看板,投递趋势-ads_data_trend_chart_resume_delivery_yesterday,ads.ads_resume_delivery_record,ads.ads_data_trend_chart_resume_delivery_yesterday
hr-运营看板,注册行业-ads_intended_industry_details,ads.ads_resume_create_record,ads.ads_intended_industry_details
hr-运营看板,注册行业-ads_intended_industry_details,ods.ods_hr_resume_dictionarybegposition_industry,ads.ads_intended_industry_details
hr-运营看板,注册趋势-ads_data_trend_chart_register_60days,ads.ads_register_user_record,ads.ads_data_trend_chart_register_60days
hr-运营看板,注册趋势-ads_data_trend_chart_register_yesterday,ads.ads_register_user_record,ads.ads_data_trend_chart_register_yesterday
hr-运营看板,活跃用户记录-ads_active_user_record_yesterday,ads.ads_active_user_record,ads.ads_active_user_record_yesterday
hr-运营看板,游客趋势-ads_data_trend_chart_visitor,ads.ads_active_user_record,ads.ads_data_trend_chart_visitor_yesterday
hr-运营看板,游客趋势-ads_data_trend_chart_visitor,ads.ads_active_user_record,ads.ads_data_trend_chart_visitor_60days
hr-运营看板,简历统计-ads_resume_cnt,ads.ads_resume_create_record,ads.ads_resume_cnt
hr-运营看板,简历完整度-ads_resume_integrity,ads.ads_resume_create_record,ads.ads_resume_integrity
hr-运营看板,访客趋势-ads_data_trend_chart_active_60days,ads.ads_active_user_record,ads.ads_data_trend_chart_active_60days
hr-运营看板,访客趋势-ads_data_trend_chart_active_yesterday,ads.ads_active_user_record,ads.ads_data_trend_chart_active_yesterday
hr-数仓建设,dwd_company_basicdata_zip-新数据,ods.ods_hr_company_basicdata,dwd.dwd_hr_company_basicdata_chain
hr-数仓建设,dwd_company_servicespecialistdata,ods.ods_hr_company_servicespecialistdata,dwd.dwd_hr_company_servicespecialistdata
hr-数仓建设,dwd_crm_companyclaims_chain(新),ods.ods_crm_companyclaims,dwd.dwd_crm_companyclaims_chain
hr-数仓建设,dwd_crm_crm_contract_chain(新),ods.ods_crm_crm_contract,dwd.dwd_crm_crm_contract_chain
hr-数仓建设,dwd_hr_company_combo_type,ods.ods_hr_company_combo_type,dwd.dwd_hr_company_combo_type
hr-数仓建设,dwd_hr_company_combo_type_snapshot,ods.ods_hr_company_combo_type_snapshot,dwd.dwd_hr_company_combo_type_snapshot
hr-数仓建设,companyclaims,ods.ods_crm_companyclaims,dwd.dwd_crm_companyclaims
hr-数仓建设,crm_contract,ods.ods_crm_crm_contract,dwd.dwd_crm_crm_contract
hr-数仓建设,dwd_if_import,dwd.dwd_hr_resume_basicdata,dwd.dwd_if_import
hr-数仓建设,dwd_if_import,ods.ods_resumehunter_basicdata,dwd.dwd_if_import
hr-数仓建设,dwd_jobim_msgrecord,ods.ods_jobim_msgrecord,dwd.dwd_jobim_msgrecord
hr-数仓建设,dwd_job_basicdata_zip-新数据,ods.ods_hr_job_basicdata,dwd.dwd_hr_job_basicdata_chain
hr-数仓建设,dwd_resume_educationbasicdata,ods.ods_hr_resume_educationbasicdata,dwd.dwd_hr_resume_educationbasicdata
hr-数仓建设,dwd_click_log,ods.ods_hr_click_log,dwd.dwd_hr_click_log
hr-数仓建设,dwd_company_basicdata,ods.ods_hr_company_basicdata,dwd.dwd_hr_company_basicdata
hr-数仓建设,dwd_company_hrinfo,ods.ods_hr_company_hrinfo,dwd.dwd_hr_company_hrinfo
hr-数仓建设,dwd_job_basicdata,ods.ods_hr_job_basicdata,dwd.dwd_hr_job_basicdata
hr-数仓建设,dwd_resume_basicdata_zip-新数据,ods.ods_hr_resume_basicdata,dwd.dwd_hr_resume_basicdata_chain
hr-数仓建设,dwd_resume_deliverrecord,ods.ods_hr_resume_deliverrecord,dwd.dwd_hr_resume_deliverrecord
hr-数仓建设,dwd_resume_deliverrecordopearatinglog,ods.ods_hr_resume_deliverrecordopearatinglog,dwd.dwd_hr_resume_deliverrecordopearatinglog
hr-数仓建设,dwd_rigster_data,ods.ods_register_data,dwd.dwd_register_data
hr-数仓建设,dwd_user_intended_industry,dwd.dwd_hr_resume_basicdata,dwd.dwd_user_intended_industry
hr-数仓建设,dwd_user_intended_industry,ods.ods_hr_resume_dictionarybegposition_industry,dwd.dwd_user_intended_industry
hr-数仓建设,dwd_show_log,ods.ods_hr_show_log,dwd.dwd_hr_show_log
hr-数仓建设,dwd_view_details,ods.ods_hr_view_log,dwd.dwd_hr_view_details
hr-数仓建设,ods_hr_sync_live_maidian2dwd_view_details,ods.ods_hr_sync_live_maidian,dwd.dwd_hr_view_details
hr-数仓建设,全量写入-DWD,ods.ods_hr_company_attentionrecord,dwd.dwd_hr_company_attentionrecord
hr-数仓建设,全量写入-DWD,ods.ods_hr_company_checklog,dwd.dwd_hr_company_checklog
hr-数仓建设,全量写入-DWD,ods.ods_hr_company_combo_type_snapshot,dwd.dwd_hr_company_combo_type_snapshot
hr-数仓建设,全量写入-DWD,ods.ods_hr_company_deparmentdata,dwd.dwd_hr_company_deparmentdata
hr-数仓建设,全量写入-DWD,ods.ods_hr_company_industrytyperecord,dwd.dwd_hr_company_industrytyperecord
hr-数仓建设,全量写入-DWD,ods.ods_hr_job_collectrecord,dwd.dwd_hr_job_collectrecord
hr-数仓建设,全量写入-DWD,ods.ods_hr_job_illegalreport,dwd.dwd_hr_job_illegalreport
hr-数仓建设,全量写入-DWD,ods.ods_hr_resume_identifycode,dwd.dwd_hr_resume_identifycode
hr-数仓建设,全量写入-DWD,ods.ods_hr_resume_import_parse_record,dwd.dwd_hr_resume_import_parse_record
hr-数仓建设,全量写入-DWD,ods.ods_hr_resume_practiceexperience,dwd.dwd_hr_resume_practiceexperience
hr-数仓建设,全量写入-DWD,ods.ods_hr_resume_dictionarybegposition,dwd.dwd_hr_resume_dictionarybegposition
hr-数仓建设,全量写入-DWD,ods.ods_hr_resume_dictionarybegposition_industry,dwd.dwd_hr_resume_dictionarybegposition_industry
hr-数仓建设,全量写入-DWD,ods.ods_hr_resume_dictionarybegposition_region_province,dwd.dwd_hr_resume_dictionarybegposition_region_province
hr-数仓建设,全量写入-DWD,ods.ods_hr_company_combo_type,dwd.dwd_hr_company_combo_type
hr-数仓建设,全量写入-DWD,ods.ods_hr_company_servicespecialistdata,dwd.dwd_hr_company_servicespecialistdata
hr-导数需求,ads_recommendrecord_tlj,dwd.dwd_hr_resume_recommendrecord,ads.ads_recommendrecord_tlj
hr-导数需求,ads_recommendrecord_tlj,dwd.dwd_hr_company_basicdata,ads.ads_recommendrecord_tlj
hr-导数需求,ads_recommendrecord_tlj,ods.ods_hr_company_servicespecialistdata,ads.ads_recommendrecord_tlj
hr-供需模型,dws_resume_statics_1,dws.dws_hr_resume_static,dws.dws_resume_statics_1
hr-供需模型,dws_resume_statics_1,dws.dws_hunter_resume_static,dws.dws_resume_statics_1
hr-供需模型,dws_job_static,dwd.dwd_hr_job_basicdata,dws.dws_job_static
hr-供需模型,dws_job_static,dwd.dwd_hr_company_basicdata,dws.dws_job_static
hr-供需模型,dws_job_static_result,dws.dws_job_static,dws.dws_job_static_1
hr-供需模型,dws_job_static_result,dws.dws_job_static,dws.dws_job_static_100
hr-供需模型,dws_job_static_result,dws.dws_job_static,dws.dws_job_static_100150
hr-供需模型,dws_job_static_result,dws.dws_job_static,dws.dws_job_static_101469
hr-供需模型,dws_job_static_result,dws.dws_job_static,dws.dws_job_static_184
hr-供需模型,dws_job_static_result,dws.dws_job_static,dws.dws_job_static_346
hr-供需模型,dws_job_static_result,dws.dws_job_static,dws.dws_job_static_699
hr-供需模型,dws_job_static_result,dws.dws_job_static,dws.dws_job_static_911
hr-供需模型,dws_resume_statics_result,dws.dws_hr_resume_static,dws.dws_resume_statics_1
hr-供需模型,dws_resume_statics_result,dws.dws_hunter_resume_static,dws.dws_resume_statics_1
hr-供需模型,dws_resume_statics_result,dws.dws_hr_resume_static,dws.dws_resume_statics_100
hr-供需模型,dws_resume_statics_result,dws.dws_hunter_resume_static,dws.dws_resume_statics_100
hr-供需模型,dws_resume_statics_result,dws.dws_hr_resume_static,dws.dws_resume_statics_100150
hr-供需模型,dws_resume_statics_result,dws.dws_hunter_resume_static,dws.dws_resume_statics_100150
hr-供需模型,dws_resume_statics_result,dws.dws_hr_resume_static,dws.dws_resume_statics_101469
hr-供需模型,dws_resume_statics_result,dws.dws_hunter_resume_static,dws.dws_resume_statics_101469
hr-供需模型,dws_resume_statics_result,dws.dws_hr_resume_static,dws.dws_resume_statics_184
hr-供需模型,dws_resume_statics_result,dws.dws_hunter_resume_static,dws.dws_resume_statics_184
hr-供需模型,dws_resume_statics_result,dws.dws_hr_resume_static,dws.dws_resume_statics_346
hr-供需模型,dws_resume_statics_result,dws.dws_hunter_resume_static,dws.dws_resume_statics_346
hr-供需模型,dws_resume_statics_result,dws.dws_hr_resume_static,dws.dws_resume_statics_699
hr-供需模型,dws_resume_statics_result,dws.dws_hunter_resume_static,dws.dws_resume_statics_699
hr-供需模型,dws_resume_statics_result,dws.dws_hr_resume_static,dws.dws_resume_statics_911
hr-供需模型,dws_resume_statics_result,dws.dws_hunter_resume_static,dws.dws_resume_statics_911
hr-推荐系统,ads_industry_median_delivery,dwd.dwd_hr_resume_deliverrecord,ads.ads_industry_median_delivery
hr-推荐系统,ads_industry_median_delivery,dwd.dwd_hr_company_basicdata,ads.ads_industry_median_delivery
hr-推荐系统,ads_industry_median_delivery,ods.ods_hr_company_industrytyperecord,ads.ads_industry_median_delivery
hr-推荐系统,dwd_view_job_info,dwd.dwd_hr_view_job_click,dwd.dwd_hr_view_job_info
hr-搜索系统,dwd_search_log,ods.ods_hr_search_log,dwd.dwd_hr_search_log
hr-企业报告,dws_avgdelivery_edu,dws.dws_resume_delivery,dws.dws_avgdelivery_edu
hr-企业报告,dws_avgdelivery_edu,dws.dws_company_details,dws.dws_avgdelivery_edu
hr-企业报告,dws_avgdelivery_workyear,dws.dws_resume_delivery,dws.dws_avgdelivery_workyear
hr-企业报告,dws_avgdelivery_workyear,dws.dws_company_details,dws.dws_avgdelivery_workyear
hr-企业报告,dws_avgdowload_edu,dws.dws_resume_collectrecords,dws.dws_avgdowload_edu
hr-企业报告,dws_avgdowload_edu,dws.dws_company_details,dws.dws_avgdowload_edu
hr-企业报告,dws_jobs_oneline,dws.dws_company_details,dws.dws_jobs_oneline
hr-企业报告,dws_avgdownload_workyear,dws.dws_resume_collectrecords,dws.dws_avgdownload_workyear
hr-企业报告,dws_avgdownload_workyear,dws.dws_company_details,dws.dws_avgdownload_workyear
hr-企业报告,dws_company_details,dwd.dwd_hr_company_basicdata,dws.dws_company_details
hr-企业报告,dws_company_details,dwd.dwd_hr_company_combo_subsidiary_record,dws.dws_company_details
hr-企业报告,dws_company_details,dwd.dwd_hr_job_basicdata,dws.dws_company_details
hr-企业报告,dws_company_details,ods.ods_hr_company_hrinfo,dws.dws_company_details
hr-企业报告,dws_company_details,ods.ods_hr_company_deparmentdata,dws.dws_company_details
hr-企业报告,dws_company_details,ods.ods_hr_company_industrytyperecord,dws.dws_company_details
hr-企业报告,dws_company_details,dwd.dwd_hr_company_combo_basicdata,dws.dws_company_details
hr-企业报告,dws_jobs_search,dws.dws_company_details,dws.dws_jobs_search
hr-企业报告,dws_jobs_search,dwd.dwd_hr_click_log,dws.dws_jobs_search
hr-企业报告,dws_jobs_views,dws.dws_company_details,dws.dws_jobs_views
hr-企业报告,dws_jobs_views,dwd.dwd_hr_view_job_click,dws.dws_jobs_views
hr-企业报告,dws_job_avgsalary,dwd.dwd_hr_job_basicdata,dws.dws_job_avgsalary
hr-企业报告,dws_msgrecord_report,dws.dws_company_details,dws.dws_msgrecord_report
hr-企业报告,dws_msgrecord_report,ods.ods_jobim_msgrecord,dws.dws_msgrecord_report
hr-企业报告,dws_region_avgsalary_b,dwd.dwd_hr_company_basicdata,dws.dws_region_avgsalary_b
hr-企业报告,dws_region_avgsalary_b,ods.ods_hr_company_industrytyperecord,dws.dws_region_avgsalary_b
hr-企业报告,dws_region_avgsalary_b,dwd.dwd_hr_job_basicdata,dws.dws_region_avgsalary_b
hr-企业报告,在线子账号&协同账号,dwd.dwd_hr_company_basicdata,dws.dws_child_account_online
hr-企业报告,在线子账号&协同账号,dwd.dwd_hr_company_combo_basicdata,dws.dws_child_account_online
hr-企业报告,在线子账号&协同账号,dwd.dwd_hr_company_combo_subsidiary_record,dws.dws_child_account_online
hr-企业报告,在线子账号&协同账号,ods.ods_hr_company_hrinfo,dws.dws_hr_account_online
mt-数据存储,dws_media_click_hotword,dwd.dwd_media_webclick,dws.dws_media_click_hotword
mt-数据存储,dws_media_click_hotword,ods.ods_media_bjx_hotwordv2,dws.dws_media_click_hotword
体外数据统计,dws_transform_tiwai_regist_resume_statistics,ods.ods_hr_resume_basicdata,dws.dws_transform_tiwai_regist_resume_statistics
体外数据统计,dws_transform_tiwai_regist_resume_statistics,dws.dws_transform_register_user_statistics_day,dws.dws_transform_tiwai_regist_resume_statistics
体外数据统计,dws_transform_tiwai_regist_resume_statistics,ods.ods_hr_resume_educationbasicdata,dws.dws_transform_tiwai_regist_resume_statistics
hr-手工报表,ads_sp_company_checkinfo,ods.ods_hr_company_checklog,ads.ads_sp_company_checkinfo
hr-手工报表,ads_sp_company_details,dwd.dwd_hr_company_basicdata,ads.ads_sp_company_details
hr-手工报表,ads_sp_company_details,ods.ods_hr_company_industrytyperecord,ads.ads_sp_company_details
hr-手工报表,ads_sp_company_details_v2,dwd.dwd_hr_company_basicdata,ads.ads_sp_company_details_v2
hr-手工报表,ads_sp_company_details_v2,ods.ods_hr_company_industrytyperecord,ads.ads_sp_company_details_v2
hr-手工报表,ads_sp_company_funnel,dwd.dwd_hr_company_basicdata,ads.ads_sp_company_funnel
hr-手工报表,ads_sp_company_funnel,ods.ods_hr_company_checklog,ads.ads_sp_company_funnel
hr-手工报表,ads_sp_company_ischeck,ods.ods_hr_company_checklog,ads.ads_sp_company_ischeck
hr-手工报表,ads_sp_company_nocheck,ods.ods_hr_company_checklog,ads.ads_sp_company_nocheck
hr-手工报表,ads_sp_company_registers,dwd.dwd_hr_company_basicdata,ads.ads_sp_company_registers
hr-手工报表,ads_sp_hr_active_data,dws.dws_browse_user_page_statistics_day,ads.ads_sp_hr_active_data
hr-手工报表,ads_sp_hr_active_data,dwd.dwd_hr_company_hrinfo,ads.ads_sp_hr_active_data
hr-手工报表,ads_sp_hr_active_data,ods.ods_hr_company_industrytyperecord,ads.ads_sp_hr_active_data
hr-手工报表,ads_sp_hr_active_data,dwd.dwd_hr_company_basicdata,ads.ads_sp_hr_active_data
hr-手工报表,ads_sp_hr_active_data,dwd.dwd_hr_company_combo_record,ads.ads_sp_hr_active_data
hr-标签平台,JXZS01001,dwd.dwd_hunter_resumehunter_basicdata,ads.ads_hunter_user_tag_detail
hr-标签平台,JXZS01003,dwd.dwd_hunter_resumehunter_basicdata,ads.ads_hunter_user_tag_detail
hr-标签平台,JXZS01023,dwd.dwd_hunter_resumehunter_basicdata,ads.ads_hunter_user_tag_detail
hr-标签平台,JXZS01023,dwd.dwd_hunter_resumehunter_dictionarybegposition_region_province,ads.ads_hunter_user_tag_detail
hr-标签平台,JXZS01024,dwd.dwd_hunter_resumehunter_basicdata,ads.ads_hunter_user_tag_detail
hr-标签平台,JXZS01025,dwd.dwd_hunter_resumehunter_basicdata,ads.ads_hunter_user_tag_detail
hr-标签平台,meta_RA01001,ads.ads_user_tag_detail,ads.ads_tag_metadata
hr-标签平台,meta_RA01002,ads.ads_user_tag_detail,ads.ads_tag_metadata
hr-标签平台,meta_RA01003,ads.ads_user_tag_detail,ads.ads_tag_metadata
hr-标签平台,meta_RA01004,ads.ads_user_tag_detail,ads.ads_tag_metadata
hr-标签平台,meta_RA01005,ads.ads_user_tag_detail,ads.ads_tag_metadata
hr-标签平台,meta_RA01006,ads.ads_user_tag_detail,ads.ads_tag_metadata
hr-标签平台,meta_RA01007,ads.ads_user_tag_detail,ads.ads_tag_metadata
hr-标签平台,meta_RB02001,ads.ads_user_tag_detail,ads.ads_tag_metadata
hr-标签平台,meta_RB03001,ads.ads_user_tag_detail,ads.ads_tag_metadata
hr-标签平台,meta_RB03002,ads.ads_user_tag_detail,ads.ads_tag_metadata
hr-标签平台,meta_RB03003,ads.ads_user_tag_detail,ads.ads_tag_metadata
hr-标签平台,meta_RB03004,ads.ads_user_tag_detail,ads.ads_tag_metadata
hr-标签平台,meta_RB04001,ads.ads_user_tag_detail,ads.ads_tag_metadata
hr-标签平台,meta_RB04002,ads.ads_user_tag_detail,ads.ads_tag_metadata
hr-标签平台,meta_RB04003,ads.ads_user_tag_detail,ads.ads_tag_metadata
hr-标签平台,meta_RB04004,ads.ads_user_tag_detail,ads.ads_tag_metadata
hr-标签平台,meta_RB05004,ads.ads_user_tag_detail,ads.ads_tag_metadata
hr-标签平台,meta_RB05005,ads.ads_user_tag_detail,ads.ads_tag_metadata
hr-标签平台,meta_RB05006,ads.ads_user_tag_detail,ads.ads_tag_metadata
hr-标签平台,meta_RB05008,ads.ads_user_tag_detail,ads.ads_tag_metadata
hr-标签平台,meta_RB06001,ads.ads_user_tag_detail,ads.ads_tag_metadata
hr-标签平台,meta_RB06002,ads.ads_user_tag_detail,ads.ads_tag_metadata
hr-标签平台,meta_RB06003,ads.ads_user_tag_detail,ads.ads_tag_metadata
hr-标签平台,meta_RB06004,ads.ads_user_tag_detail,ads.ads_tag_metadata
hr-标签平台,meta_RB07001,ads.ads_user_tag_detail,ads.ads_tag_metadata
hr-标签平台,meta_RB07002,ads.ads_user_tag_detail,ads.ads_tag_metadata
hr-标签平台,meta_RB07003,ads.ads_user_tag_detail,ads.ads_tag_metadata
hr-标签平台,meta_RB07004,ads.ads_user_tag_detail,ads.ads_tag_metadata
hr-标签平台,meta_RB07005,ads.ads_user_tag_detail,ads.ads_tag_metadata
hr-标签平台,meta_RB07006,ads.ads_user_tag_detail,ads.ads_tag_metadata
hr-标签平台,meta_RB07007,ads.ads_user_tag_detail,ads.ads_tag_metadata
hr-标签平台,meta_RB07008,ads.ads_user_tag_detail,ads.ads_tag_metadata
hr-标签平台,meta_RB07009,ads.ads_user_tag_detail,ads.ads_tag_metadata
hr-标签平台,meta_RB07010,ads.ads_user_tag_detail,ads.ads_tag_metadata
hr-标签平台,meta_RB07011,ads.ads_user_tag_detail,ads.ads_tag_metadata
hr-标签平台,meta_RB07012,ads.ads_user_tag_detail,ads.ads_tag_metadata
hr-标签平台,meta_RB08001,ads.ads_user_tag_detail,ads.ads_tag_metadata
hr-标签平台,meta_RB08002,ads.ads_user_tag_detail,ads.ads_tag_metadata
hr-标签平台,meta_RB08003,ads.ads_user_tag_detail,ads.ads_tag_metadata
hr-标签平台,meta_RB08004,ads.ads_user_tag_detail,ads.ads_tag_metadata
hr-标签平台,meta_RB08005,ads.ads_user_tag_detail,ads.ads_tag_metadata
hr-标签平台,meta_RB08006,ads.ads_user_tag_detail,ads.ads_tag_metadata
hr-标签平台,meta_RB09001,ads.ads_user_tag_detail,ads.ads_tag_metadata
hr-标签平台,meta_RB09002,ads.ads_user_tag_detail,ads.ads_tag_metadata
hr-标签平台,meta_RB09003,ads.ads_user_tag_detail,ads.ads_tag_metadata
hr-标签平台,meta_RB09004,ads.ads_user_tag_detail,ads.ads_tag_metadata
hr-标签平台,meta_RB09005,ads.ads_user_tag_detail,ads.ads_tag_metadata
hr-标签平台,meta_RB09006,ads.ads_user_tag_detail,ads.ads_tag_metadata
hr-标签平台,meta_RB10001,ads.ads_user_tag_detail,ads.ads_tag_metadata
hr-标签平台,meta_RC01001,ads.ads_user_tag_detail,ads.ads_tag_metadata
hr-标签平台,meta_RC01002,ads.ads_user_tag_detail,ads.ads_tag_metadata
hr-标签平台,meta_RC01003,ads.ads_user_tag_detail,ads.ads_tag_metadata
hr-标签平台,meta_RC01004,ads.ads_user_tag_detail,ads.ads_tag_metadata
hr-标签平台,meta_RE01001,ads.ads_user_tag_detail,ads.ads_tag_metadata
hr-标签平台,meta_RG01001,ads.ads_user_tag_detail,ads.ads_tag_metadata
hr-标签平台,meta_RR01001,ads.ads_user_tag_detail,ads.ads_tag_metadata
hr-标签平台,meta_RR01002,ads.ads_user_tag_detail,ads.ads_tag_metadata
hr-标签平台,meta_RR01003,ads.ads_user_tag_detail,ads.ads_tag_metadata
hr-标签平台,meta_RT01001,ads.ads_user_tag_detail,ads.ads_tag_metadata
hr-标签平台,meta_RV01003,ads.ads_user_tag_detail,ads.ads_tag_metadata
hr-标签平台,meta_RV01008,ads.ads_user_tag_detail,ads.ads_tag_metadata
hr-标签平台,meta_RV02001,ads.ads_user_tag_detail,ads.ads_tag_metadata
hr-标签平台,meta_RV02002,ads.ads_user_tag_detail,ads.ads_tag_metadata
hr-标签平台,meta_RV02003,ads.ads_user_tag_detail,ads.ads_tag_metadata
hr-标签平台,meta_RV02004,ads.ads_user_tag_detail,ads.ads_tag_metadata
hr-标签平台,meta_RV03001,ads.ads_user_tag_detail,ads.ads_tag_metadata
hr-标签平台,meta_RV03002,ads.ads_user_tag_detail,ads.ads_tag_metadata
hr-标签平台,meta_RV04001,ads.ads_user_tag_detail,ads.ads_tag_metadata
hr-标签平台,meta_RV04002,ads.ads_user_tag_detail,ads.ads_tag_metadata
hr-标签平台,meta_RV05001,ads.ads_user_tag_detail,ads.ads_tag_metadata
hr-标签平台,meta_SC01001,ads.ads_user_tag_detail,ads.ads_tag_metadata
hr-标签平台,meta_SC01002,ads.ads_user_tag_detail,ads.ads_tag_metadata
hr-标签平台,meta_SC01003,ads.ads_user_tag_detail,ads.ads_tag_metadata
hr-标签平台,meta_SC01004,ads.ads_user_tag_detail,ads.ads_tag_metadata
hr-标签平台,meta_SC01005,ads.ads_user_tag_detail,ads.ads_tag_metadata
hr-标签平台,meta_ZS01001,ads.ads_user_tag_detail,ads.ads_tag_metadata
hr-标签平台,meta_ZS01002,ads.ads_user_tag_detail,ads.ads_tag_metadata
hr-标签平台,meta_ZS01003,ads.ads_user_tag_detail,ads.ads_tag_metadata
hr-标签平台,meta_ZS01004,ads.ads_user_tag_detail,ads.ads_tag_metadata
hr-标签平台,meta_ZS01005,ads.ads_user_tag_detail,ads.ads_tag_metadata
hr-标签平台,meta_ZS01006,ads.ads_user_tag_detail,ads.ads_tag_metadata
hr-标签平台,meta_ZS01007,ads.ads_user_tag_detail,ads.ads_tag_metadata
hr-标签平台,meta_ZS01008,ads.ads_user_tag_detail,ads.ads_tag_metadata
hr-标签平台,meta_ZS01009,ads.ads_user_tag_detail,ads.ads_tag_metadata
hr-标签平台,meta_ZS01010,ads.ads_user_tag_detail,ads.ads_tag_metadata
hr-标签平台,meta_ZS01011,ads.ads_user_tag_detail,ads.ads_tag_metadata
hr-标签平台,meta_ZS01012,ads.ads_user_tag_detail,ads.ads_tag_metadata
hr-标签平台,meta_ZS01013,ads.ads_user_tag_detail,ads.ads_tag_metadata
hr-标签平台,meta_ZS01014,ads.ads_user_tag_detail,ads.ads_tag_metadata
hr-标签平台,meta_ZS01015,ads.ads_user_tag_detail,ads.ads_tag_metadata
hr-标签平台,meta_ZS01016,ads.ads_user_tag_detail,ads.ads_tag_metadata
hr-标签平台,meta_ZS01017,ads.ads_user_tag_detail,ads.ads_tag_metadata
hr-标签平台,meta_ZS01018,ads.ads_user_tag_detail,ads.ads_tag_metadata
hr-标签平台,meta_ZS01019,ads.ads_user_tag_detail,ads.ads_tag_metadata
hr-标签平台,meta_ZS01020,ads.ads_user_tag_detail,ads.ads_tag_metadata
hr-标签平台,meta_ZS01021,ads.ads_user_tag_detail,ads.ads_tag_metadata
hr-标签平台,meta_ZS01022,ads.ads_user_tag_detail,ads.ads_tag_metadata
hr-标签平台,meta_ZS01023,ads.ads_user_tag_detail,ads.ads_tag_metadata
hr-标签平台,meta_ZS01024,ads.ads_user_tag_detail,ads.ads_tag_metadata
hr-标签平台,meta_ZS01025,ads.ads_user_tag_detail,ads.ads_tag_metadata
hr-标签平台,meta_ZS01026,ads.ads_user_tag_detail,ads.ads_tag_metadata
hr-标签平台,meta_ZS01027,ads.ads_user_tag_detail,ads.ads_tag_metadata
hr-标签平台,meta_ZS01028,ads.ads_user_tag_detail,ads.ads_tag_metadata
hr-标签平台,meta_ZS01029,ads.ads_user_tag_detail,ads.ads_tag_metadata
hr-标签平台,meta_ZS01030,ads.ads_user_tag_detail,ads.ads_tag_metadata
hr-标签平台,meta_ZS01031,ads.ads_user_tag_detail,ads.ads_tag_metadata
hr-标签平台,meta_ZS02001,ads.ads_user_tag_detail,ads.ads_tag_metadata
hr-标签平台,meta_ZS02002,ads.ads_user_tag_detail,ads.ads_tag_metadata
hr-标签平台,meta_ZS02003,ads.ads_user_tag_detail,ads.ads_tag_metadata
hr-标签平台,meta_ZS02006,ads.ads_user_tag_detail,ads.ads_tag_metadata
hr-标签平台,meta_ZS03001,ads.ads_user_tag_detail,ads.ads_tag_metadata
hr-标签平台,meta_ZS03002,ads.ads_user_tag_detail,ads.ads_tag_metadata
hr-标签平台,RB03001,dws.dws_browse_user_page_statistics_day,ads.ads_user_tag_detail
hr-标签平台,RB03003,dws.dws_browse_user_page_statistics_day,ads.ads_user_tag_detail
hr-标签平台,RB03004,dws.dws_browse_user_page_statistics_day,ads.ads_user_tag_detail
hr-标签平台,RG01001,dwd.dwd_hr_resume_basicdata,ads.ads_user_tag_detail
hr-标签平台,tag_JXZS01007,dwd.dwd_hunter_resumehunter_basicdata,ads.ads_hunter_user_tag_detail
hr-标签平台,tag_JXZS01012,dwd.dwd_hunter_resumehunter_basicdata,ads.ads_hunter_user_tag_detail
hr-标签平台,tag_JXZS01013,dwd.dwd_hunter_resumehunter_basicdata,ads.ads_hunter_user_tag_detail
hr-标签平台,tag_JXZS01014,dwd.dwd_hunter_resumehunter_basicdata,ads.ads_hunter_user_tag_detail
hr-标签平台,tag_JXZS01029,dwd.dwd_hunter_resumehunter_basicdata,ads.ads_hunter_user_tag_detail
hr-标签平台,tag_JXZS01030,dwd.dwd_hunter_resumehunter_basicdata,ads.ads_hunter_user_tag_detail
hr-标签平台,tag_JXZS01031,dwd.dwd_hunter_resumehunter_basicdata,ads.ads_hunter_user_tag_detail
hr-标签平台,tag_JXZS01032,dwd.dwd_hunter_resumehunter_basicdata,ads.ads_hunter_user_tag_detail
hr-标签平台,tag_JXZS01032,dwd.dwd_hr_company_servicespecialistdata,ads.ads_hunter_user_tag_detail
hr-标签平台,tag_JXZS01033,dwd.dwd_hunter_resumehunter_basicdata,ads.ads_hunter_user_tag_detail
hr-标签平台,tag_RA01001,dwd.dwd_wx_app_authorization,ads.ads_user_tag_detail
hr-标签平台,tag_RA01002,dwd.dwd_wx_app_authorization,ads.ads_user_tag_detail
hr-标签平台,JXZS01002,dwd.dwd_hunter_resumehunter_basicdata,ads.ads_hunter_user_tag_detail
hr-标签平台,JXZS01004,dwd.dwd_hunter_resumehunter_basicdata,ads.ads_hunter_user_tag_detail
hr-标签平台,JXZS01005,dwd.dwd_hunter_resumehunter_basicdata,ads.ads_hunter_user_tag_detail
hr-标签平台,JXZS01006,dwd.dwd_hunter_resumehunter_basicdata,ads.ads_hunter_user_tag_detail
hr-标签平台,JXZS01006,dwd.dwd_hunter_resumehunter_dictionarybegposition_region_province,ads.ads_hunter_user_tag_detail
hr-标签平台,tag_RA01003,dwd.dwd_wx_app_authorization,ads.ads_user_tag_detail
hr-标签平台,tag_RA01004,dwd.dwd_wx_app_authorization,ads.ads_user_tag_detail
hr-标签平台,tag_RA01005,dwd.dwd_wx_app_authorization,ads.ads_user_tag_detail
hr-标签平台,tag_RA01006,dwd.dwd_wx_app_authorization,ads.ads_user_tag_detail
hr-标签平台,tag_RA01007,dwd.dwd_wx_app_authorization,ads.ads_user_tag_detail
hr-标签平台,tag_RB07010,dwd.dwd_hr_view_job_info,ads.ads_user_tag_detail
hr-标签平台,tag_RB07011,dwd.dwd_hr_view_job_info,ads.ads_user_tag_detail
hr-标签平台,tag_RB07012,dwd.dwd_hr_view_job_info,ads.ads_user_tag_detail
hr-标签平台,tag_RB08001,dwd.dwd_hr_resume_deliverrecord,ads.ads_user_tag_detail
hr-标签平台,tag_RB08002,dwd.dwd_hr_resume_deliverrecord,ads.ads_user_tag_detail
hr-标签平台,tag_RB08003,dwd.dwd_hr_resume_deliverrecord,ads.ads_user_tag_detail
hr-标签平台,tag_RB08004,ods.ods_jobim_msgrecord,ads.ads_user_tag_detail
hr-标签平台,tag_RB08005,ods.ods_jobim_msgrecord,ads.ads_user_tag_detail
hr-标签平台,tag_RB08006,ods.ods_jobim_msgrecord,ads.ads_user_tag_detail
hr-标签平台,tag_RB10001,ods.ods_hr_job_illegalreport,ads.ads_user_tag_detail
hr-标签平台,tag_RE01001,dws.dws_browse_user_page_statistics_day,ads.ads_user_tag_detail
hr-标签平台,tag_RT01001,ods.ods_sessionsuserrecord,ads.ads_user_tag_detail
hr-标签平台,tag_RV01003,dwd.dwd_hr_resume_basicdata,ads.ads_user_tag_detail
hr-标签平台,tag_RV02001,dwd.dwd_hr_resume_basicdata,ads.ads_user_tag_detail
hr-标签平台,tag_RV02001,ods.ods_hr_resume_identifycode,ads.ads_user_tag_detail
hr-标签平台,tag_RV02004,dwd.dwd_hr_resume_basicdata,ads.ads_user_tag_detail
hr-标签平台,tag_RV03001,dwd.dwd_hr_resume_basicdata,ads.ads_user_tag_detail
hr-标签平台,tag_RV03001,ods.ods_resume_attachment,ads.ads_user_tag_detail
hr-标签平台,tag_RV04001,dwd.dwd_register_data,ads.ads_user_tag_detail
hr-标签平台,tag_RV04001,dwd.dwd_hr_resume_basicdata,ads.ads_user_tag_detail
hr-标签平台,tag_SC01001,ads.ads_user_tag_detail,ads.ads_user_tag_detail
hr-标签平台,tag_SC01002,ads.ads_user_tag_detail,ads.ads_user_tag_detail
hr-标签平台,tag_SC01003,ads.ads_user_tag_detail,ads.ads_user_tag_detail
hr-标签平台,tag_SC01004,ads.ads_user_tag_detail,ads.ads_user_tag_detail
hr-标签平台,tag_SC01005,ads.ads_user_tag_detail,ads.ads_user_tag_detail
hr-标签平台,tag_ZS01026,dwd.dwd_register_data,ads.ads_user_tag_detail
hr-标签平台,tag_ZS01027,dwd.dwd_register_data,ads.ads_user_tag_detail
hr-标签平台,tag_ZS01028,dwd.dwd_register_data,ads.ads_user_tag_detail
hr-标签平台,tag_ZS01029,dwd.dwd_hr_resume_basicdata,ads.ads_user_tag_detail
hr-标签平台,tag_ZS01030,dwd.dwd_hr_resume_basicdata,ads.ads_user_tag_detail
hr-标签平台,tag_ZS01031,dwd.dwd_hr_resume_basicdata,ads.ads_user_tag_detail
hr-标签平台,ZS01001,dwd.dwd_hr_resume_basicdata,ads.ads_user_tag_detail
hr-标签平台,ZS01003,dwd.dwd_hr_resume_basicdata,ads.ads_user_tag_detail
hr-标签平台,ZS01007,dwd.dwd_hr_resume_basicdata,ads.ads_user_tag_detail
hr-标签平台,ZS01008,dwd.dwd_hr_resume_basicdata,ads.ads_user_tag_detail
hr-标签平台,ZS01008,ods.ods_hr_resume_educationbasicdata,ads.ads_user_tag_detail
hr-标签平台,ZS01009,dwd.dwd_hr_resume_basicdata,ads.ads_user_tag_detail
hr-标签平台,ZS01009,ods.ods_hr_resume_educationbasicdata,ads.ads_user_tag_detail
hr-标签平台,RB02001,dwd.dwd_hr_view_job_info,ads.ads_user_tag_detail
hr-标签平台,RB02001,dwd.dwd_hr_resume_deliverrecord,ads.ads_user_tag_detail
hr-标签平台,RB02001,dwd.dwd_hr_company_basicdata,ads.ads_user_tag_detail
hr-标签平台,RB02001,dwd.dwd_hr_job_basicdata,ads.ads_user_tag_detail
hr-标签平台,RB02001,dws.dws_job_avgsalary,ads.ads_user_tag_detail
hr-标签平台,RB03002,dws.dws_browse_user_page_statistics_day,ads.ads_user_tag_detail
hr-标签平台,ZS01010,dwd.dwd_hr_resume_basicdata,ads.ads_user_tag_detail
hr-标签平台,ZS01010,ods.ods_hr_resume_educationbasicdata,ads.ads_user_tag_detail
hr-标签平台,RB04001,dwd.dwd_hr_click_log,ads.ads_user_tag_detail
hr-标签平台,RB04001,dwd.dwd_hr_job_basicdata,ads.ads_user_tag_detail
hr-标签平台,RB04002,dwd.dwd_hr_click_log,ads.ads_user_tag_detail
hr-标签平台,RB04002,dwd.dwd_hr_job_basicdata,ads.ads_user_tag_detail
hr-标签平台,RB04003,dwd.dwd_hr_click_log,ads.ads_user_tag_detail
hr-标签平台,RB04003,dwd.dwd_hr_job_basicdata,ads.ads_user_tag_detail
hr-标签平台,RB04004,ods.ods_hr_search_log,ads.ads_user_tag_detail
hr-标签平台,ZS01011,dwd.dwd_hr_resume_basicdata,ads.ads_user_tag_detail
hr-标签平台,ZS01011,ods.ods_hr_resume_educationbasicdata,ads.ads_user_tag_detail
hr-标签平台,ZS01012,dwd.dwd_hr_resume_basicdata,ads.ads_user_tag_detail
hr-标签平台,ZS01013,dwd.dwd_hr_resume_basicdata,ads.ads_user_tag_detail
hr-标签平台,ZS01014,dwd.dwd_hr_resume_basicdata,ads.ads_user_tag_detail
hr-标签平台,ZS01023,dwd.dwd_hr_resume_basicdata,ads.ads_user_tag_detail
hr-标签平台,ZS01023,ods.ods_hr_resume_dictionarybegposition_region_province,ads.ads_user_tag_detail
hr-标签平台,tag_JXZS01017,dwd.dwd_hunter_resumehunter_basicdata,ads.ads_hunter_user_tag_detail
hr-标签平台,ZS01024,dwd.dwd_hr_resume_basicdata,ads.ads_user_tag_detail
hr-标签平台,ZS01025,dwd.dwd_hr_resume_basicdata,ads.ads_user_tag_detail
hr-标签平台,ZS02002,dwd.dwd_register_data,ads.ads_user_tag_detail
hr-标签平台,ZS02002,dwd.dwd_hr_resume_deliverrecord,ads.ads_user_tag_detail
hr-标签平台,tag_RB05005,dwd.dwd_hr_view_job_info,ads.ads_user_tag_detail
hr-标签平台,tag_RB05005,dwd.dwd_hr_job_basicdata,ads.ads_user_tag_detail
hr-标签平台,tag_RB05005,dwd.dwd_hr_job_analysis_label_chain,ads.ads_user_tag_detail
hr-标签平台,tag_RB05006,dwd.dwd_hr_view_job_info,ads.ads_user_tag_detail
hr-标签平台,tag_RB05006,dwd.dwd_hr_job_basicdata,ads.ads_user_tag_detail
hr-标签平台,ZS02006,dwd.dwd_register_data,ads.ads_user_tag_detail
hr-标签平台,ZS02006,dwd.dwd_hr_resume_basicdata,ads.ads_user_tag_detail
hr-标签平台,ZS03001,dwd.dwd_register_data,ads.ads_user_tag_detail
hr-标签平台,ZS03002,dwd.dwd_register_data,ads.ads_user_tag_detail
hr-标签平台,tag_RB05008,dwd.dwd_hr_view_job_info,ads.ads_user_tag_detail
hr-标签平台,tag_RB05008,dwd.dwd_hr_job_basicdata,ads.ads_user_tag_detail
hr-标签平台,tag_RB06001,ods.ods_hr_company_attentionrecord,ads.ads_user_tag_detail
hr-标签平台,tag_RB06001,ods.ods_hr_company_industrytyperecord,ads.ads_user_tag_detail
hr-标签平台,tag_RB06002,ods.ods_hr_company_attentionrecord,ads.ads_user_tag_detail
hr-标签平台,tag_RB06002,dwd.dwd_hr_company_basicdata,ads.ads_user_tag_detail
hr-标签平台,tag_RB06003,ods.ods_hr_job_collectrecord,ads.ads_user_tag_detail
hr-标签平台,tag_RB06003,dwd.dwd_hr_job_basicdata,ads.ads_user_tag_detail
hr-标签平台,tag_RB09001,dwd.dwd_hr_resume_deliverrecord,ads.ads_user_tag_detail
hr-标签平台,tag_RB09001,dwd.dwd_hr_job_basicdata,ads.ads_user_tag_detail
hr-标签平台,tag_RB09001,dwd.dwd_hr_job_analysis_label_chain,ads.ads_user_tag_detail
hr-标签平台,tag_RB09002,dwd.dwd_hr_resume_deliverrecord,ads.ads_user_tag_detail
hr-标签平台,tag_RB09002,dwd.dwd_hr_job_basicdata,ads.ads_user_tag_detail
hr-标签平台,tag_RB09003,dwd.dwd_hr_resume_deliverrecord,ads.ads_user_tag_detail
hr-标签平台,tag_RB09003,dwd.dwd_hr_job_basicdata,ads.ads_user_tag_detail
hr-标签平台,tag_RB09004,dwd.dwd_hr_resume_deliverrecord,ads.ads_user_tag_detail
hr-标签平台,tag_RB09004,dwd.dwd_hr_job_basicdata,ads.ads_user_tag_detail
hr-标签平台,tag_RB09005,dwd.dwd_hr_resume_deliverrecord,ads.ads_user_tag_detail
hr-标签平台,tag_RB09005,dwd.dwd_hr_company_basicdata,ads.ads_user_tag_detail
hr-标签平台,tag_RB09006,dwd.dwd_hr_resume_deliverrecord,ads.ads_user_tag_detail
hr-标签平台,tag_RB09006,dwd.dwd_hr_job_basicdata,ads.ads_user_tag_detail
hr-标签平台,tag_RV02002,dwd.dwd_hr_resume_basicdata,ads.ads_user_tag_detail
hr-标签平台,tag_RV02002,ods.ods_hr_resume_practiceexperience,ads.ads_user_tag_detail
hr-标签平台,tag_RV02002,ods.ods_hr_resume_educationbasicdata,ads.ads_user_tag_detail
hr-标签平台,tag_RV02003,dwd.dwd_hr_resume_basicdata,ads.ads_user_tag_detail
hr-标签平台,tag_RV02003,ods.ods_hr_resume_practiceexperience,ads.ads_user_tag_detail
hr-标签平台,tag_RV03002,ods.ods_resume_attachment,ads.ads_user_tag_detail
hr-标签平台,tag_RV03002,ods.ods_hr_resume_import_parse_record,ads.ads_user_tag_detail
hr-标签平台,tag_RV04002,dwd.dwd_hr_resume_basicdata,ads.ads_user_tag_detail
hr-标签平台,tag_ZS01015,dwd.dwd_hr_resume_basicdata,ads.ads_user_tag_detail
hr-标签平台,tag_ZS01015,ods.ods_hr_resume_educationbasicdata,ads.ads_user_tag_detail
hr-标签平台,tag_ZS01016,dwd.dwd_hr_resume_basicdata,ads.ads_user_tag_detail
hr-标签平台,tag_ZS01016,ods.ods_hr_resume_educationbasicdata,ads.ads_user_tag_detail
hr-标签平台,ZS01002,dwd.dwd_hr_resume_basicdata,ads.ads_user_tag_detail
hr-标签平台,ZS01004,dwd.dwd_hr_resume_basicdata,ads.ads_user_tag_detail
hr-标签平台,ZS01005,dwd.dwd_hr_resume_basicdata,ads.ads_user_tag_detail
hr-标签平台,ZS01006,dwd.dwd_hr_resume_basicdata,ads.ads_user_tag_detail
hr-标签平台,ZS01006,ods.ods_hr_resume_dictionarybegposition_region_province,ads.ads_user_tag_detail
hr-标签平台,ZS02003,dwd.dwd_register_data,ads.ads_user_tag_detail
hr-标签平台,ZS02003,ads.ads_active_user_record,ads.ads_user_tag_detail
hr-运营绩效,ads.ads_resume_delivery_quitity_statistics,dwd.dwd_hr_resume_deliverrecord,ads.ads_resume_delivery_quitity_statistics
hr-运营绩效,ads.ads_resume_delivery_quitity_statistics,dwd.dwd_hr_resume_basicdata,ads.ads_resume_delivery_quitity_statistics
hr-运营绩效,ads.ads_resume_delivery_quitity_statistics,dwd.dwd_hr_resume_educationbasicdata,ads.ads_resume_delivery_quitity_statistics
hr-运营绩效,ads.ads_resume_delivery_quitity_statistics,ods.ods_hr_resume_dictionarybegposition_region_province,ads.ads_resume_delivery_quitity_statistics
hr-运营绩效,ads.ads_resume_delivery_quitity_statistics,dwd.dwd_hr_job_basicdata,ads.ads_resume_delivery_quitity_statistics
hr-运营绩效,ads.ads_resume_delivery_quitity_statistics,dwd.dwd_hr_company_basicdata,ads.ads_resume_delivery_quitity_statistics
hr-运营绩效,ads.ads_resume_delivery_quitity_statistics,ods.ods_hr_resume_dictionarybegposition_industry,ads.ads_resume_delivery_quitity_statistics
hr-运营绩效,ads_important_post_profect_resumes_active_province_statistics,dws.dws_browse_user_page_statistics_day,ads.ads_important_post_profect_resumes_active_province_statistics
hr-运营绩效,ads_important_post_profect_resumes_active_province_statistics,dwd.dwd_hr_resume_basicdata,ads.ads_important_post_profect_resumes_active_province_statistics
hr-运营绩效,ads_important_post_profect_resumes_active_province_statistics,ods.ods_hr_resume_dictionarybegposition_industry,ads.ads_important_post_profect_resumes_active_province_statistics
hr-运营绩效,ads_important_post_profect_resumes_active_province_statistics,ods.ods_hr_resume_dictionarybegposition,ads.ads_important_post_profect_resumes_active_province_statistics
hr-运营绩效,ads_important_post_profect_resumes_active_province_statistics,ods.ods_hr_resume_practiceexperience,ads.ads_important_post_profect_resumes_active_province_statistics
hr-运营绩效,ads_important_post_profect_resumes_active_province_statistics,ods.ods_hr_resume_dictionarybegposition_region_province,ads.ads_important_post_profect_resumes_active_province_statistics
hr-运营绩效,ads_important_post_profect_resumes_delivery_province_statistics,dwd.dwd_hr_resume_deliverrecord,ads.ads_important_post_profect_resumes_delivery_province_statistics
hr-运营绩效,ads_important_post_profect_resumes_delivery_province_statistics,dwd.dwd_hr_resume_basicdata,ads.ads_important_post_profect_resumes_delivery_province_statistics
hr-运营绩效,ads_important_post_profect_resumes_delivery_province_statistics,ods.ods_hr_resume_dictionarybegposition_industry,ads.ads_important_post_profect_resumes_delivery_province_statistics
hr-运营绩效,ads_important_post_profect_resumes_delivery_province_statistics,ods.ods_hr_resume_dictionarybegposition,ads.ads_important_post_profect_resumes_delivery_province_statistics
hr-运营绩效,ads_important_post_profect_resumes_delivery_province_statistics,ods.ods_hr_resume_practiceexperience,ads.ads_important_post_profect_resumes_delivery_province_statistics
hr-运营绩效,ads_important_post_profect_resumes_delivery_province_statistics,ods.ods_hr_resume_dictionarybegposition_region_province,ads.ads_important_post_profect_resumes_delivery_province_statistics
hr-运营绩效,ads_important_post_profect_resumes_intend_province_statistics,dwd.dwd_hr_resume_basicdata,ads.ads_important_post_profect_resumes_intend_province_statistics
hr-运营绩效,ads_important_post_profect_resumes_intend_province_statistics,ods.ods_hr_resume_dictionarybegposition_industry,ads.ads_important_post_profect_resumes_intend_province_statistics
hr-运营绩效,ads_important_post_profect_resumes_intend_province_statistics,ods.ods_hr_resume_dictionarybegposition,ads.ads_important_post_profect_resumes_intend_province_statistics
hr-运营绩效,ads_important_post_profect_resumes_intend_province_statistics,ods.ods_hr_resume_practiceexperience,ads.ads_important_post_profect_resumes_intend_province_statistics
hr-运营绩效,ads_important_post_profect_resumes_intend_province_statistics,ods.ods_hr_resume_dictionarybegposition_region_province,ads.ads_important_post_profect_resumes_intend_province_statistics
hr-运营绩效,ads_page_view_weekly_statistics,dws.dws_browse_user_page_statistics_day,ads.ads_page_view_weekly_statistics
hr-运营绩效,ads_industry_mau_statistics,ads.ads_active_user_record,ads.ads_industry_mau_statistics
hr-运营绩效,ads_industry_mau_statistics,ods.ods_hr_company_hrinfo,ads.ads_industry_mau_statistics
hr-运营绩效,ads_important_post_resumes_intend_province_statistics,dwd.dwd_hr_resume_basicdata,ads.ads_important_post_resumes_intend_province_statistics
hr-运营绩效,ads_important_post_resumes_intend_province_statistics,ods.ods_hr_resume_dictionarybegposition_industry,ads.ads_important_post_resumes_intend_province_statistics
hr-运营绩效,ads_important_post_resumes_intend_province_statistics,ods.ods_hr_resume_dictionarybegposition,ads.ads_important_post_resumes_intend_province_statistics
hr-运营绩效,ads_important_post_resumes_intend_province_statistics,ods.ods_hr_resume_dictionarybegposition_region_province,ads.ads_important_post_resumes_intend_province_statistics
hr-运营绩效,ads_important_post_resumes_intend_province_statistics,ods.ods_hr_resume_practiceexperience,ads.ads_important_post_resumes_intend_province_statistics
hr-运营绩效,ads_important_post_resumes_statistics,dwd.dwd_hr_resume_basicdata,ads.ads_important_post_resumes_statistics
hr-运营绩效,ads_important_post_resumes_statistics,ods.ods_hr_resume_dictionarybegposition_industry,ads.ads_important_post_resumes_statistics
hr-运营绩效,ads_important_post_resumes_statistics,ods.ods_hr_resume_dictionarybegposition,ads.ads_important_post_resumes_statistics
hr-运营绩效,ads_important_post_resumes_statistics,ods.ods_hr_resume_dictionarybegposition_region_province,ads.ads_important_post_resumes_statistics
hr-运营绩效,ads_important_post_resumes_statistics,ods.ods_hr_resume_practiceexperience,ads.ads_important_post_resumes_statistics
hr-运营绩效,ads_industry_next_day_active_statistics,ads.ads_active_user_record,ads.ads_industry_next_day_active_statistics
hr-运营绩效,ads_roadmap_view_weekly_statistics,dws.dws_browse_user_page_statistics_day,ads.ads_roadmap_view_weekly_statistics
hr-数据清洗,dwd_hr_udm_intend_city,ods.ods_hr_resume_dictionarybegposition_region_province,dwd.dwd_hr_udm_intend_city
hr-数据清洗,dwd_hr_udm_intend_city,dwd.dwd_hr_resume_basicdata,dwd.dwd_hr_udm_intend_city
hr-数据清洗,dwd_hr_udm_intend_industry,ods.ods_hr_resume_dictionarybegposition_industry,dwd.dwd_hr_udm_intend_industry
hr-数据清洗,dwd_hr_udm_intend_position,ods.ods_hr_resume_dictionarybegposition,dwd.dwd_hr_udm_intend_position
hr-数据清洗,dwd_hr_udm_intend_position,dwd.dwd_hr_resume_basicdata,dwd.dwd_hr_udm_intend_position
hr-数据清洗,dwd_hr_udm_resume_education,ods.ods_hr_resume_educationbasicdata,dwd.dwd_hr_udm_resume_education
hr-数据清洗,dwd_hr_udm_resume_education,dwd.dwd_hr_resume_basicdata,dwd.dwd_hr_udm_resume_education
hr-数据清洗,dwd_hr_udm_resume_practice_experience,ods.ods_hr_resume_practiceexperience,dwd.dwd_hr_udm_resume_practice_experience
hr-数据清洗,dwd_hr_udm_resume_practice_experience,dwd.dwd_hr_resume_basicdata,dwd.dwd_hr_udm_resume_practice_experience
hr-数据清洗,test,ods.ods_hr_resume_educationbasicdata,dwd.dwd_hr_udm_resume_education
hr-数据清洗,test,dwd.dwd_hr_resume_basicdata,dwd.dwd_hr_udm_resume_education
